INSERT INTO e_shop_db.categories (id, deleted, category_name) VALUES ('3057b100-1e6e-425e-8d42-e360eb5dcc47', false, 'Meat And Fish');
INSERT INTO e_shop_db.categories (id, deleted, category_name) VALUES ('54c41dd6-173e-480b-b29c-966871cda4dc', false, 'Meats And Salami');
INSERT INTO e_shop_db.categories (id, deleted, category_name) VALUES ('781faf36-446f-45d1-a81a-6d4cea0854eb', false, 'Bread And Tortilas');
INSERT INTO e_shop_db.categories (id, deleted, category_name) VALUES ('9218c278-21d3-46be-9014-56fc2acd469b', false, 'Packaged');
INSERT INTO e_shop_db.categories (id, deleted, category_name) VALUES ('a05e844f-a59b-4fa6-9240-6a76da999059', false, 'Dairy and chilled');
INSERT INTO e_shop_db.categories (id, deleted, category_name) VALUES ('a688f4f6-4047-4313-952e-f0646023c2de', false, 'Fruits And Vegetables');
INSERT INTO e_shop_db.categories (id, deleted, category_name) VALUES ('b321ea69-aba6-4b52-8230-3d5fa94590ee', false, 'Baby & Child');
INSERT INTO e_shop_db.categories (id, deleted, category_name) VALUES ('b4662b4f-cf0a-4f11-a246-0216e1060930', false, 'Cosmetics');
INSERT INTO e_shop_db.categories (id, deleted, category_name) VALUES ('d7c26365-704a-433b-9f9e-99a5ccc56752', false, 'Pharmacy');
INSERT INTO e_shop_db.categories (id, deleted, category_name) VALUES ('dbab687a-4028-419f-9b99-0ced0991e09f', false, 'Drinks');
INSERT INTO e_shop_db.categories (id, deleted, category_name) VALUES ('dc93559f-a3ae-4df8-842d-5440446123ee', false, 'Frozen');
INSERT INTO e_shop_db.categories (id, deleted, category_name) VALUES ('ed97cd74-6513-40c8-9859-4b60959f846d', false, 'Pets');

INSERT INTO e_shop_db.products (id, deleted, description, image_url, product_name, price) VALUES ('101a6f34-2a66-4cab-bde0-3f3dbba24dfc', false, 'Creamy yogurt dessert  150 g', 'https://res.cloudinary.com/pavlina/image/upload/v1702056333/giaourti-fraoula-en-312x293_ocuihi.png', 'Yoghurt', 1.19);
INSERT INTO e_shop_db.products (id, deleted, description, image_url, product_name, price) VALUES ('1113c156-3000-4566-a344-47f5e568d192', false, 'Mushroom - Packet
250g', 'https://res.cloudinary.com/pavlina/image/upload/v1702056743/253317a_ic7aj5.webp', 'Mushrooms', 1.07);
INSERT INTO e_shop_db.products (id, deleted, description, image_url, product_name, price) VALUES ('11b0d3fe-fbb5-48fc-83a4-836a14d86c64', false, 'Beans big buttery 400 g', 'https://res.cloudinary.com/pavlina/image/upload/v1702055875/293_gyagb9.jpg', 'Beans big buttery 400 g', 2.59);
INSERT INTO e_shop_db.products (id, deleted, description, image_url, product_name, price) VALUES ('130721b5-9a4e-4a3b-a96f-9ae5edb0d381', false, 'Barefoot Cellars Rose Wine 750 ml', 'https://res.cloudinary.com/pavlina/image/upload/v1702056090/Barefoot-Cellars-Rose-Wine-California-750ml-Glass-Bottle_dff36a6a-ff1a-42d0-9b5a-137bc767e16b_1.b186d56084640010677c4a20c06e4914_zedujg.webp', 'Barefoot Cellars Rose Wine 750 ml', 5.59);
INSERT INTO e_shop_db.products (id, deleted, description, image_url, product_name, price) VALUES ('15058738-724e-49b0-955f-9bbfda740f47', false, 'Vitakraft Poesie Delice Sauce Meat Multipack', 'https://res.cloudinary.com/pavlina/image/upload/v1702056883/meat_multipack__38759_yg3puf.webp', 'Vitakraft Poesie Delice Sauce Meat Multipack', 1.69);
INSERT INTO e_shop_db.products (id, deleted, description, image_url, product_name, price) VALUES ('1b49d950-15eb-48af-b63d-a59c9017d9a0', false, 'Macu XL Premium Eye Supplement 180 Capsules
', 'https://res.cloudinary.com/pavlina/image/upload/v1702057015/biggerimg15_ngrdlz.jpg', 'Macu XL Premium Eye Supplement ', 19.80);
INSERT INTO e_shop_db.products (id, deleted, description, image_url, product_name, price) VALUES ('23494efe-2f8d-46a5-a190-3b7f6c340b50', false, 'Le Coq Sex on Beach ', 'https://res.cloudinary.com/pavlina/image/upload/v1702057185/LECOQ-SEX-ON-THE-BEACH-1_dzqoek.jpg', 'Le Coq Sex On The Beach - 330ml Bottle 4.7% ABV', 2.49);
INSERT INTO e_shop_db.products (id, deleted, description, image_url, product_name, price) VALUES ('253ed024-c0cf-4dd6-83b5-eeb6fc593969', false, 'Yellow cheese from cow’s milk DESTAN', 'https://res.cloudinary.com/pavlina/image/upload/v1702057386/img_9134-710x800_qkq9qu.jpg', 'Yellow Cheese', 6.84);
INSERT INTO e_shop_db.products (id, deleted, description, image_url, product_name, price) VALUES ('258be006-73ad-4983-a6bf-efa566115d1a', false, 'Pears Williams Red', 'https://res.cloudinary.com/pavlina/image/upload/v1702057471/38298-0w470h470_Red_Williams_Pear_engrt3.jpg', 'Pears', 3.99);
INSERT INTO e_shop_db.products (id, deleted, description, image_url, product_name, price) VALUES ('26c3fd3a-6e2b-4a0c-948a-7239e087100d', false, 'Elena fillet FTSC', 'https://res.cloudinary.com/pavlina/image/upload/v1702057598/file-elena-vacuum_ezi1qa.webp', 'Elena Fillet', 3.89);
INSERT INTO e_shop_db.products (id, deleted, description, image_url, product_name, price) VALUES ('2e303796-38b5-44a6-965f-eae4f27c205b', false, 'CREMA YOGURT 0% 1 KG', 'https://res.cloudinary.com/pavlina/image/upload/v1702057698/OLY46353_jfkqc0.jpg', 'CREMA YOGURT 0% ', 6.89);
INSERT INTO e_shop_db.products (id, deleted, description, image_url, product_name, price) VALUES ('2f917b41-e096-4c40-863c-9e92d92ed1ff', false, 'Heineken Can  Dutch Pale Lager Beer  330ml ', 'https://res.cloudinary.com/pavlina/image/upload/v1702057787/Heineken33clCan_esblnz.webp', 'Beer Heineken 330 ml can', 1.19);
INSERT INTO e_shop_db.products (id, deleted, description, image_url, product_name, price) VALUES ('3b4b6559-0f33-4c02-9368-338f29724c6b', false, 'Organic Cheese mmellow from Cow Milk 400 g', 'https://res.cloudinary.com/pavlina/image/upload/v1702057880/912253_a98dmo.jpg', 'Cow Cheese', 3.89);
INSERT INTO e_shop_db.products (id, deleted, description, image_url, product_name, price) VALUES ('54f23916-481a-44e4-bf32-92ddad56d2e3', false, 'Original Gluten Free Sourdough 3 Pack', 'https://res.cloudinary.com/pavlina/image/upload/v1702058174/%D0%B8%D0%B7%D1%82%D0%B5%D0%B3%D0%BB%D0%B5%D0%BD_%D1%84%D0%B0%D0%B9%D0%BB_cg28iq.jpg', 'Original Gluten Free Sourdough 3 Pack', 6.14);
INSERT INTO e_shop_db.products (id, deleted, description, image_url, product_name, price) VALUES ('56594b7e-77fd-40d3-99b5-485b12855fd7', false, 'Nestle Lion Cereal 400 g', 'https://res.cloudinary.com/pavlina/image/upload/v1702058333/61t_blsc1cL._AC_UF894_1000_QL80__xk4o4z.jpg', 'Nestle Lion Cereal 400 g', 4.99);
INSERT INTO e_shop_db.products (id, deleted, description, image_url, product_name, price) VALUES ('567e87a7-4d93-443e-9329-7f42c9612226', false, 'LB BULGARICUM 2% 400 g', 'https://res.cloudinary.com/pavlina/image/upload/v1702058422/lb-bulgaricum-kiselo-mlako-po-bds-2-image_5f841b2f3183b_800x800_uohdvf.jpg','LB BULGARICUM 2% 400 g', 1.02);
INSERT INTO e_shop_db.products (id, deleted, description, image_url, product_name, price) VALUES ('584d557a-feff-413f-9ed9-66b827bb586e', false, 'Fresh apples and pears with delivery', 'https://res.cloudinary.com/pavlina/image/upload/v1702058615/913280_lpmzd4.jpg', 'Apples', 2.10);
INSERT INTO e_shop_db.products (id, deleted, description, image_url, product_name, price) VALUES ('611860fc-ad6c-494c-8684-18d0142eb74c', false, 'Body Cream Tesori d''Oriente Lotus 300 ml', 'https://res.cloudinary.com/pavlina/image/upload/v1702058712/814pBCthlYL._AC_UF1000_1000_QL80__pylzt1.jpg', 'Body Cream Tesori d''Oriente Lotus 300 ml', 8.99);
INSERT INTO e_shop_db.products (id, deleted, description, image_url, product_name, price) VALUES ('68149f12-4591-4cc4-8e08-0ba4ed698648', false, 'Avocado Large1 pc', 'https://res.cloudinary.com/pavlina/image/upload/v1702058950/30009284_8-fresho-avocado-imported-medium_catxph.webp', 'Avocado', 3.20);
INSERT INTO e_shop_db.products (id, deleted, description, image_url, product_name, price) VALUES ('6a37d4ca-2796-48e2-9868-220bd33f5631', false, 'Nestlé NAN OptiPro® 2 800 g', 'https://res.cloudinary.com/pavlina/image/upload/v1702059034/Nestle-NAN-2-Optipro-800-gr_uxwgnq.png', 'Nestlé NAN OptiPro® 2 800 g', 15.99);
INSERT INTO e_shop_db.products (id, deleted, description, image_url, product_name, price) VALUES ('6a9f07dd-b70c-40c9-90b3-d24a0d003776', false, 'Flat Sausage Eko Mes Pazardzhik Slice', 'https://res.cloudinary.com/pavlina/image/upload/v1702059142/001009_ut2wcd.jpg', 'Sausage', 3.16);
INSERT INTO e_shop_db.products (id, deleted, description, image_url, product_name, price) VALUES ('6b391814-1ead-45b3-b641-b62e8ae73720', false, 'Bio Coconut Butter Dragon Superfoods Scent Free ', 'https://res.cloudinary.com/pavlina/image/upload/v1702059238/036979_dhCT6Mo_x1zuyl.jpg', 'Coconut Butter Dragon', 16.99);
INSERT INTO e_shop_db.products (id, deleted, description, image_url, product_name, price) VALUES ('6dafe540-6acc-4eb0-b1aa-cb4ffe20def7', false, 'Eco Mes Grilled pork loin vacuum', 'https://res.cloudinary.com/pavlina/image/upload/v1702059324/5D0B9F6D-E6D8-7857-79CA-2B762126EA22_tvo4rn.jpg', 'Eco Mes Grilled pork loin vacuum', 3.19);
INSERT INTO e_shop_db.products (id, deleted, description, image_url, product_name, price) VALUES ('7b20a6de-8960-480b-a1a2-ea90c14a8239', false, 'Cat Food Purina One Adult with Chicken Dry ', 'https://res.cloudinary.com/pavlina/image/upload/v1702059417/403046_QgfhbdW_krvhs4.jpg', 'Cat Food Purina One Adult with Chicken Dry ', 2.99);
INSERT INTO e_shop_db.products (id, deleted, description, image_url, product_name, price) VALUES ('7e132e94-196c-4346-b47a-5585cdcc709f', false, 'Red beans Pimenta 500 g', 'https://res.cloudinary.com/pavlina/image/upload/v1702059491/red-beans-pimenta-500-g_r93ulj.jpg', 'Red beans Pimenta 500 g', 2.59);
INSERT INTO e_shop_db.products (id, deleted, description, image_url, product_name, price) VALUES ('83070669-ec6e-4c2d-b881-7596f251840a', false, 'Gaia Herbs Black Elderberry Syrup Adult Daily ', 'https://res.cloudinary.com/pavlina/image/upload/v1702059581/41zB2AvwkUL._AC__mtzazm.jpg', 'Syrup Adult Daily', 4.39);
INSERT INTO e_shop_db.products (id, deleted, description, image_url, product_name, price) VALUES ('87ceb41a-902c-464a-90b5-085dcd7098bf', false, 'Tortilla Old El Paso integral 350 g ', 'https://res.cloudinary.com/pavlina/image/upload/v1702059807/deace00b0e81bff2a28ab2ff0472_odzmgy.jpg', 'Tortilla', 3.59);
INSERT INTO e_shop_db.products (id, deleted, description, image_url, product_name, price) VALUES ('888ccac1-85b9-49c0-b611-34e59c47d716', false, 'Brandy Sungurlarska Grape', 'https://res.cloudinary.com/pavlina/image/upload/v1702059893/009045-min_duvpdw.jpg', 'Brandy Sungurlarska Grape', 9.99);
INSERT INTO e_shop_db.products (id, deleted, description, image_url, product_name, price) VALUES ('88f1ebce-3a1d-48b7-bb3a-326e7c523845', false, 'HLS Whole Mackerel (gutted) x2', 'https://res.cloudinary.com/pavlina/image/upload/v1702059980/577095011_0_268x268_wxtj5y.jpg', 'Mackerel', 7.65);
INSERT INTO e_shop_db.products (id, deleted, description, image_url, product_name, price) VALUES ('98ba9ba0-37c5-43ba-a545-b8c3d331c2ba', false, 'MaDonna Blanche Joyeux ', 'https://res.cloudinary.com/pavlina/image/upload/v1702060109/5b9febe6c2ef68d581f35d194985dab6_640x640_wlqlru.jpg', 'MaDonna Blanche Joyeux ', 1.64);
INSERT INTO e_shop_db.products (id, deleted, description, image_url, product_name, price) VALUES ('98cb0d61-6e1f-492c-85e1-d9af715a93f9', false, 'Ice Cream Coppa Della Maga Coconut Flakes Sugar Free 500 ml', 'https://res.cloudinary.com/pavlina/image/upload/v1702060206/912917_rwh2db.jpg', 'Ice Cream Coppa Della Maga Coconut Flakes Sugar Free 500 ml ', 8.99);
INSERT INTO e_shop_db.products (id, deleted, description, image_url, product_name, price) VALUES ('9ae12ded-159a-4a8c-86f0-6c4553cd531d', false, 'Bonduelle 4 Seasons Frozen Vegetables', 'https://res.cloudinary.com/pavlina/image/upload/v1702060454/7446-3083680566377_mqhoed.jpg', 'Corn Bonduelle', 2.99);
INSERT INTO e_shop_db.products (id, deleted, description, image_url, product_name, price) VALUES ('a2f07a57-057c-43c5-826a-5f0adb3f7ca2', false, 'Potato White Washed Each', 'https://res.cloudinary.com/pavlina/image/upload/v1702060526/%D0%B8%D0%B7%D1%82%D0%B5%D0%B3%D0%BB%D0%B5%D0%BD_%D1%84%D0%B0%D0%B9%D0%BB_1_excdmw.jpg', 'Potatoes', 1.79);
INSERT INTO e_shop_db.products (id, deleted, description, image_url, product_name, price) VALUES ('a633a2cd-99b2-4aa9-bbc7-2af352bb6ff6', false, 'Croissant 7 Days Double Vanilla and Cherry', 'https://res.cloudinary.com/pavlina/image/upload/v1702060654/165820_egqRzvZ_ufx5wl.jpg', 'Croissant 7 Days Double Vanilla and Cherry', 1.39);


INSERT INTO e_shop_db.products_categories (product_id, category_id) VALUES ('f6f4a480-dd52-43bb-91c2-a222458bdb4e', 'a688f4f6-4047-4313-952e-f0646023c2de');
INSERT INTO e_shop_db.products_categories (product_id, category_id) VALUES ('258be006-73ad-4983-a6bf-efa566115d1a', 'a688f4f6-4047-4313-952e-f0646023c2de');
INSERT INTO e_shop_db.products_categories (product_id, category_id) VALUES ('a2f07a57-057c-43c5-826a-5f0adb3f7ca2', 'a688f4f6-4047-4313-952e-f0646023c2de');
INSERT INTO e_shop_db.products_categories (product_id, category_id) VALUES ('584d557a-feff-413f-9ed9-66b827bb586e', 'a688f4f6-4047-4313-952e-f0646023c2de');
INSERT INTO e_shop_db.products_categories (product_id, category_id) VALUES ('68149f12-4591-4cc4-8e08-0ba4ed698648', 'a688f4f6-4047-4313-952e-f0646023c2de');
INSERT INTO e_shop_db.products_categories (product_id, category_id) VALUES ('ce57210a-9983-49ce-94bd-527e77793fb1', 'a688f4f6-4047-4313-952e-f0646023c2de');
INSERT INTO e_shop_db.products_categories (product_id, category_id) VALUES ('1113c156-3000-4566-a344-47f5e568d192', 'a688f4f6-4047-4313-952e-f0646023c2de');
INSERT INTO e_shop_db.products_categories (product_id, category_id) VALUES ('b7e2713f-f5db-4be4-a2ca-f0a7cfd41dd2', 'a688f4f6-4047-4313-952e-f0646023c2de');
INSERT INTO e_shop_db.products_categories (product_id, category_id) VALUES ('b0f91b67-7610-4650-9a1c-e72a0bc31019', '3057b100-1e6e-425e-8d42-e360eb5dcc47');
INSERT INTO e_shop_db.products_categories (product_id, category_id) VALUES ('6dafe540-6acc-4eb0-b1aa-cb4ffe20def7', '3057b100-1e6e-425e-8d42-e360eb5dcc47');
INSERT INTO e_shop_db.products_categories (product_id, category_id) VALUES ('88f1ebce-3a1d-48b7-bb3a-326e7c523845', '3057b100-1e6e-425e-8d42-e360eb5dcc47');
INSERT INTO e_shop_db.products_categories (product_id, category_id) VALUES ('ea6d560f-cf66-4374-9f13-195933b3b386', '3057b100-1e6e-425e-8d42-e360eb5dcc47');
INSERT INTO e_shop_db.products_categories (product_id, category_id) VALUES ('101a6f34-2a66-4cab-bde0-3f3dbba24dfc', 'a05e844f-a59b-4fa6-9240-6a76da999059');
INSERT INTO e_shop_db.products_categories (product_id, category_id) VALUES ('253ed024-c0cf-4dd6-83b5-eeb6fc593969', 'a05e844f-a59b-4fa6-9240-6a76da999059');
INSERT INTO e_shop_db.products_categories (product_id, category_id) VALUES ('567e87a7-4d93-443e-9329-7f42c9612226', 'a05e844f-a59b-4fa6-9240-6a76da999059');
INSERT INTO e_shop_db.products_categories (product_id, category_id) VALUES ('2e303796-38b5-44a6-965f-eae4f27c205b', 'a05e844f-a59b-4fa6-9240-6a76da999059');
INSERT INTO e_shop_db.products_categories (product_id, category_id) VALUES ('3b4b6559-0f33-4c02-9368-338f29724c6b', 'a05e844f-a59b-4fa6-9240-6a76da999059');
INSERT INTO e_shop_db.products_categories (product_id, category_id) VALUES ('26c3fd3a-6e2b-4a0c-948a-7239e087100d', '3057b100-1e6e-425e-8d42-e360eb5dcc47');
INSERT INTO e_shop_db.products_categories (product_id, category_id) VALUES ('26c3fd3a-6e2b-4a0c-948a-7239e087100d', '54c41dd6-173e-480b-b29c-966871cda4dc');
INSERT INTO e_shop_db.products_categories (product_id, category_id) VALUES ('b335ec20-0109-422e-8047-d4783d349b87', '3057b100-1e6e-425e-8d42-e360eb5dcc47');
INSERT INTO e_shop_db.products_categories (product_id, category_id) VALUES ('b335ec20-0109-422e-8047-d4783d349b87', '54c41dd6-173e-480b-b29c-966871cda4dc');
INSERT INTO e_shop_db.products_categories (product_id, category_id) VALUES ('6a9f07dd-b70c-40c9-90b3-d24a0d003776', '3057b100-1e6e-425e-8d42-e360eb5dcc47');
INSERT INTO e_shop_db.products_categories (product_id, category_id) VALUES ('6a9f07dd-b70c-40c9-90b3-d24a0d003776', '54c41dd6-173e-480b-b29c-966871cda4dc');
INSERT INTO e_shop_db.products_categories (product_id, category_id) VALUES ('db10b54e-330a-4c1d-90b9-1e639e67b2de', '3057b100-1e6e-425e-8d42-e360eb5dcc47');
INSERT INTO e_shop_db.products_categories (product_id, category_id) VALUES ('db10b54e-330a-4c1d-90b9-1e639e67b2de', '54c41dd6-173e-480b-b29c-966871cda4dc');
INSERT INTO e_shop_db.products_categories (product_id, category_id) VALUES ('87ceb41a-902c-464a-90b5-085dcd7098bf', '781faf36-446f-45d1-a81a-6d4cea0854eb');
INSERT INTO e_shop_db.products_categories (product_id, category_id) VALUES ('a633a2cd-99b2-4aa9-bbc7-2af352bb6ff6', '781faf36-446f-45d1-a81a-6d4cea0854eb');
INSERT INTO e_shop_db.products_categories (product_id, category_id) VALUES ('c768c91a-9825-4d5e-83fe-1875e5a0960b', '781faf36-446f-45d1-a81a-6d4cea0854eb');
INSERT INTO e_shop_db.products_categories (product_id, category_id) VALUES ('6b391814-1ead-45b3-b641-b62e8ae73720', '9218c278-21d3-46be-9014-56fc2acd469b');
INSERT INTO e_shop_db.products_categories (product_id, category_id) VALUES ('9ae12ded-159a-4a8c-86f0-6c4553cd531d', 'dc93559f-a3ae-4df8-842d-5440446123ee');
INSERT INTO e_shop_db.products_categories (product_id, category_id) VALUES ('de28e362-8cb5-422f-b637-fb3f1b2e167a', 'dc93559f-a3ae-4df8-842d-5440446123ee');
INSERT INTO e_shop_db.products_categories (product_id, category_id) VALUES ('98cb0d61-6e1f-492c-85e1-d9af715a93f9', 'dc93559f-a3ae-4df8-842d-5440446123ee');
INSERT INTO e_shop_db.products_categories (product_id, category_id) VALUES ('11b0d3fe-fbb5-48fc-83a4-836a14d86c64', '9218c278-21d3-46be-9014-56fc2acd469b');
INSERT INTO e_shop_db.products_categories (product_id, category_id) VALUES ('7e132e94-196c-4346-b47a-5585cdcc709f', '9218c278-21d3-46be-9014-56fc2acd469b');
INSERT INTO e_shop_db.products_categories (product_id, category_id) VALUES ('56594b7e-77fd-40d3-99b5-485b12855fd7', '9218c278-21d3-46be-9014-56fc2acd469b');
INSERT INTO e_shop_db.products_categories (product_id, category_id) VALUES ('c5d30c53-e943-45e2-935d-8c9c7886c824', '9218c278-21d3-46be-9014-56fc2acd469b');
INSERT INTO e_shop_db.products_categories (product_id, category_id) VALUES ('2f917b41-e096-4c40-863c-9e92d92ed1ff', 'dbab687a-4028-419f-9b99-0ced0991e09f');
INSERT INTO e_shop_db.products_categories (product_id, category_id) VALUES ('98ba9ba0-37c5-43ba-a545-b8c3d331c2ba', 'dbab687a-4028-419f-9b99-0ced0991e09f');
INSERT INTO e_shop_db.products_categories (product_id, category_id) VALUES ('23494efe-2f8d-46a5-a190-3b7f6c340b50', 'dbab687a-4028-419f-9b99-0ced0991e09f');
INSERT INTO e_shop_db.products_categories (product_id, category_id) VALUES ('888ccac1-85b9-49c0-b611-34e59c47d716', 'dbab687a-4028-419f-9b99-0ced0991e09f');
INSERT INTO e_shop_db.products_categories (product_id, category_id) VALUES ('130721b5-9a4e-4a3b-a96f-9ae5edb0d381', 'dbab687a-4028-419f-9b99-0ced0991e09f');
INSERT INTO e_shop_db.products_categories (product_id, category_id) VALUES ('83070669-ec6e-4c2d-b881-7596f251840a', 'dbab687a-4028-419f-9b99-0ced0991e09f');
INSERT INTO e_shop_db.products_categories (product_id, category_id) VALUES ('54f23916-481a-44e4-bf32-92ddad56d2e3', 'dbab687a-4028-419f-9b99-0ced0991e09f');
INSERT INTO e_shop_db.products_categories (product_id, category_id) VALUES ('6a37d4ca-2796-48e2-9868-220bd33f5631', '9218c278-21d3-46be-9014-56fc2acd469b');
INSERT INTO e_shop_db.products_categories (product_id, category_id) VALUES ('6a37d4ca-2796-48e2-9868-220bd33f5631', 'b321ea69-aba6-4b52-8230-3d5fa94590ee');
INSERT INTO e_shop_db.products_categories (product_id, category_id) VALUES ('c9e21d30-87c0-4d61-9f72-205da6f73069', '9218c278-21d3-46be-9014-56fc2acd469b');
INSERT INTO e_shop_db.products_categories (product_id, category_id) VALUES ('c9e21d30-87c0-4d61-9f72-205da6f73069', 'b321ea69-aba6-4b52-8230-3d5fa94590ee');
INSERT INTO e_shop_db.products_categories (product_id, category_id) VALUES ('aeecc076-b380-4e83-869b-e365959363e9', 'b4662b4f-cf0a-4f11-a246-0216e1060930');
INSERT INTO e_shop_db.products_categories (product_id, category_id) VALUES ('611860fc-ad6c-494c-8684-18d0142eb74c', 'b4662b4f-cf0a-4f11-a246-0216e1060930');
INSERT INTO e_shop_db.products_categories (product_id, category_id) VALUES ('611860fc-ad6c-494c-8684-18d0142eb74c', 'd7c26365-704a-433b-9f9e-99a5ccc56752');
INSERT INTO e_shop_db.products_categories (product_id, category_id) VALUES ('cd8d2b3e-036b-4422-bf77-0f5722e51899', 'b4662b4f-cf0a-4f11-a246-0216e1060930');
INSERT INTO e_shop_db.products_categories (product_id, category_id) VALUES ('cd8d2b3e-036b-4422-bf77-0f5722e51899', 'd7c26365-704a-433b-9f9e-99a5ccc56752');
INSERT INTO e_shop_db.products_categories (product_id, category_id) VALUES ('bb25501c-37e4-4c26-92da-0f895fcdb8f5', 'ed97cd74-6513-40c8-9859-4b60959f846d');
INSERT INTO e_shop_db.products_categories (product_id, category_id) VALUES ('15058738-724e-49b0-955f-9bbfda740f47', 'ed97cd74-6513-40c8-9859-4b60959f846d');
INSERT INTO e_shop_db.products_categories (product_id, category_id) VALUES ('7b20a6de-8960-480b-a1a2-ea90c14a8239', 'ed97cd74-6513-40c8-9859-4b60959f846d');
INSERT INTO e_shop_db.products_categories (product_id, category_id) VALUES ('ce176c14-e8b1-42c3-a898-65fe700e2c0f', 'd7c26365-704a-433b-9f9e-99a5ccc56752');
INSERT INTO e_shop_db.products_categories (product_id, category_id) VALUES ('1b49d950-15eb-48af-b63d-a59c9017d9a0', 'd7c26365-704a-433b-9f9e-99a5ccc56752');
INSERT INTO e_shop_db.products_categories (product_id, category_id) VALUES ('fbfa85ec-2419-447a-8486-02c4d55e8239', 'd7c26365-704a-433b-9f9e-99a5ccc56752');